,goout,Walc,Mjob_at_home,Mjob_health,Mjob_other,Mjob_services,Mjob_teacher,romantic_no,romantic_yes,sex_F,sex_M
0,4,1,1.0,0.0,0.0,0.0,0.0,1.0,0.0,1.0,0.0
1,3,1,1.0,0.0,0.0,0.0,0.0,1.0,0.0,1.0,0.0
2,2,3,1.0,0.0,0.0,0.0,0.0,1.0,0.0,1.0,0.0
3,2,1,0.0,1.0,0.0,0.0,0.0,0.0,1.0,1.0,0.0
4,2,2,0.0,0.0,1.0,0.0,0.0,1.0,0.0,1.0,0.0
5,2,2,0.0,0.0,0.0,1.0,0.0,1.0,0.0,0.0,1.0
6,4,1,0.0,0.0,1.0,0.0,0.0,1.0,0.0,0.0,1.0
7,4,1,0.0,0.0,1.0,0.0,0.0,1.0,0.0,1.0,0.0
8,2,1,0.0,0.0,0.0,1.0,0.0,1.0,0.0,0.0,1.0
9,1,1,0.0,0.0,1.0,0.0,0.0,1.0,0.0,0.0,1.0
10,3,2,0.0,0.0,0.0,0.0,1.0,1.0,0.0,1.0,0.0
11,2,1,0.0,0.0,0.0,1.0,0.0,1.0,0.0,1.0,0.0
12,3,3,0.0,1.0,0.0,0.0,0.0,1.0,0.0,0.0,1.0
13,3,2,0.0,0.0,0.0,0.0,1.0,1.0,0.0,0.0,1.0
14,2,1,0.0,0.0,1.0,0.0,0.0,0.0,1.0,0.0,1.0
15,4,2,0.0,1.0,0.0,0.0,0.0,1.0,0.0,1.0,0.0
16,3,2,0.0,0.0,0.0,1.0,0.0,1.0,0.0,1.0,0.0
17,2,1,0.0,0.0,1.0,0.0,0.0,1.0,0.0,1.0,0.0
18,5,4,0.0,0.0,0.0,1.0,0.0,1.0,0.0,0.0,1.0
19,3,3,0.0,1.0,0.0,0.0,0.0,1.0,0.0,0.0,1.0
20,1,1,0.0,0.0,0.0,0.0,1.0,1.0,0.0,0.0,1.0
21,2,1,0.0,1.0,0.0,0.0,0.0,1.0,0.0,0.0,1.0
22,1,3,0.0,0.0,0.0,0.0,1.0,1.0,0.0,0.0,1.0
23,4,4,0.0,0.0,1.0,0.0,0.0,1.0,0.0,0.0,1.0
24,2,1,0.0,0.0,0.0,1.0,0.0,1.0,0.0,1.0,0.0
25,2,3,0.0,0.0,0.0,1.0,0.0,1.0,0.0,1.0,0.0
26,2,2,0.0,0.0,1.0,0.0,0.0,1.0,0.0,0.0,1.0
27,4,4,0.0,1.0,0.0,0.0,0.0,1.0,0.0,0.0,1.0
28,3,1,0.0,0.0,0.0,1.0,0.0,1.0,0.0,0.0,1.0
29,5,5,0.0,0.0,0.0,0.0,1.0,0.0,1.0,0.0,1.0
30,2,4,0.0,1.0,0.0,0.0,0.0,1.0,0.0,0.0,1.0
31,1,1,0.0,0.0,0.0,1.0,0.0,1.0,0.0,0.0,1.0
32,2,1,0.0,0.0,0.0,0.0,1.0,0.0,1.0,0.0,1.0
33,2,1,0.0,0.0,1.0,0.0,0.0,1.0,0.0,0.0,1.0
34,3,1,0.0,0.0,1.0,0.0,0.0,1.0,0.0,0.0,1.0
35,1,1,0.0,0.0,1.0,0.0,0.0,1.0,0.0,1.0,0.0
36,3,1,0.0,0.0,0.0,0.0,1.0,1.0,0.0,0.0,1.0
37,3,1,0.0,0.0,1.0,0.0,0.0,0.0,1.0,0.0,1.0
38,2,1,0.0,0.0,0.0,1.0,0.0,1.0,0.0,1.0,0.0
39,1,1,1.0,0.0,0.0,0.0,0.0,1.0,0.0,1.0,0.0
40,3,2,0.0,0.0,1.0,0.0,0.0,0.0,1.0,1.0,0.0
41,3,4,0.0,0.0,0.0,0.0,1.0,0.0,1.0,0.0,1.0
42,3,1,0.0,0.0,0.0,1.0,0.0,1.0,0.0,0.0,1.0
43,1,1,0.0,0.0,0.0,1.0,0.0,1.0,0.0,0.0,1.0
44,3,2,0.0,0.0,1.0,0.0,0.0,1.0,0.0,1.0,0.0
45,2,1,0.0,0.0,1.0,0.0,0.0,0.0,1.0,1.0,0.0
46,5,4,0.0,0.0,1.0,0.0,0.0,1.0,0.0,1.0,0.0
47,2,1,0.0,1.0,0.0,0.0,0.0,1.0,0.0,0.0,1.0
48,3,2,0.0,0.0,0.0,0.0,1.0,1.0,0.0,0.0,1.0
49,4,1,0.0,0.0,0.0,1.0,0.0,1.0,0.0,1.0,0.0
50,3,3,0.0,0.0,0.0,1.0,0.0,1.0,0.0,1.0,0.0
51,3,1,0.0,1.0,0.0,0.0,0.0,1.0,0.0,1.0,0.0
52,5,4,0.0,1.0,0.0,0.0,0.0,1.0,0.0,0.0,1.0
53,4,3,0.0,0.0,0.0,1.0,0.0,1.0,0.0,1.0,0.0
54,4,4,0.0,0.0,1.0,0.0,0.0,1.0,0.0,1.0,0.0
55,4,1,0.0,0.0,1.0,0.0,0.0,0.0,1.0,1.0,0.0
56,2,1,0.0,0.0,0.0,1.0,0.0,1.0,0.0,1.0,0.0
57,2,1,0.0,0.0,0.0,0.0,1.0,1.0,0.0,0.0,1.0
58,2,1,0.0,0.0,1.0,0.0,0.0,1.0,0.0,0.0,1.0
59,3,1,0.0,0.0,0.0,1.0,0.0,1.0,0.0,1.0,0.0
60,4,3,0.0,1.0,0.0,0.0,0.0,1.0,0.0,1.0,0.0
61,5,5,0.0,0.0,0.0,1.0,0.0,0.0,1.0,1.0,0.0
62,3,1,0.0,0.0,1.0,0.0,0.0,1.0,0.0,1.0,0.0
63,4,4,0.0,0.0,0.0,0.0,1.0,1.0,0.0,1.0,0.0
64,4,4,0.0,0.0,0.0,1.0,0.0,0.0,1.0,1.0,0.0
65,3,2,0.0,0.0,0.0,0.0,1.0,1.0,0.0,1.0,0.0
66,3,5,0.0,0.0,1.0,0.0,0.0,0.0,1.0,0.0,1.0
67,3,2,0.0,0.0,0.0,1.0,0.0,1.0,0.0,1.0,0.0
68,3,3,0.0,1.0,0.0,0.0,0.0,1.0,0.0,1.0,0.0
69,2,3,0.0,0.0,1.0,0.0,0.0,1.0,0.0,1.0,0.0
70,2,1,0.0,0.0,1.0,0.0,0.0,1.0,0.0,0.0,1.0
71,3,1,0.0,0.0,1.0,0.0,0.0,1.0,0.0,0.0,1.0
72,4,4,0.0,0.0,1.0,0.0,0.0,0.0,1.0,1.0,0.0
73,2,2,0.0,0.0,1.0,0.0,0.0,1.0,0.0,0.0,1.0
74,3,4,0.0,0.0,1.0,0.0,0.0,1.0,0.0,1.0,0.0
75,3,3,0.0,0.0,0.0,0.0,1.0,1.0,0.0,0.0,1.0
76,3,1,0.0,0.0,0.0,0.0,1.0,1.0,0.0,0.0,1.0
77,3,3,0.0,0.0,1.0,0.0,0.0,0.0,1.0,1.0,0.0
78,1,1,0.0,0.0,1.0,0.0,0.0,1.0,0.0,0.0,1.0
79,3,2,1.0,0.0,0.0,0.0,0.0,1.0,0.0,1.0,0.0
80,2,3,0.0,0.0,1.0,0.0,0.0,0.0,1.0,0.0,1.0
81,2,2,0.0,0.0,1.0,0.0,0.0,1.0,0.0,0.0,1.0
82,4,1,0.0,0.0,0.0,1.0,0.0,1.0,0.0,1.0,0.0
83,3,3,0.0,0.0,0.0,1.0,0.0,1.0,0.0,0.0,1.0
84,2,3,0.0,0.0,1.0,0.0,0.0,1.0,0.0,1.0,0.0
85,4,3,0.0,0.0,0.0,1.0,0.0,0.0,1.0,1.0,0.0
86,4,2,1.0,0.0,0.0,0.0,0.0,1.0,0.0,1.0,0.0
87,3,3,0.0,0.0,1.0,0.0,0.0,1.0,0.0,1.0,0.0
88,2,1,0.0,0.0,0.0,1.0,0.0,1.0,0.0,0.0,1.0
89,3,5,0.0,0.0,0.0,0.0,1.0,1.0,0.0,0.0,1.0
90,3,3,0.0,0.0,1.0,0.0,0.0,0.0,1.0,1.0,0.0
91,5,3,0.0,0.0,0.0,1.0,0.0,1.0,0.0,1.0,0.0
92,3,3,0.0,0.0,1.0,0.0,0.0,1.0,0.0,1.0,0.0
93,3,1,0.0,0.0,0.0,0.0,1.0,1.0,0.0,1.0,0.0
94,4,1,0.0,0.0,0.0,1.0,0.0,1.0,0.0,0.0,1.0
95,2,1,1.0,0.0,0.0,0.0,0.0,1.0,0.0,1.0,0.0
96,3,1,0.0,0.0,0.0,1.0,0.0,1.0,0.0,0.0,1.0
97,5,1,0.0,0.0,1.0,0.0,0.0,0.0,1.0,1.0,0.0
98,4,2,0.0,0.0,1.0,0.0,0.0,1.0,0.0,1.0,0.0
99,5,1,0.0,0.0,1.0,0.0,0.0,1.0,0.0,1.0,0.0
100,5,5,0.0,0.0,0.0,1.0,0.0,1.0,0.0,0.0,1.0
101,3,1,0.0,0.0,0.0,1.0,0.0,0.0,1.0,0.0,1.0
102,3,1,0.0,0.0,0.0,1.0,0.0,1.0,0.0,0.0,1.0
103,5,1,0.0,0.0,0.0,1.0,0.0,1.0,0.0,1.0,0.0
104,4,1,0.0,0.0,0.0,1.0,0.0,1.0,0.0,0.0,1.0
105,3,1,0.0,0.0,1.0,0.0,0.0,1.0,0.0,1.0,0.0
106,2,1,0.0,0.0,1.0,0.0,0.0,1.0,0.0,1.0,0.0
107,3,1,0.0,0.0,0.0,1.0,0.0,1.0,0.0,0.0,1.0
108,5,5,0.0,0.0,1.0,0.0,0.0,0.0,1.0,0.0,1.0
109,5,1,0.0,1.0,0.0,0.0,0.0,0.0,1.0,1.0,0.0
110,3,1,0.0,0.0,0.0,0.0,1.0,1.0,0.0,0.0,1.0
111,2,1,0.0,0.0,0.0,1.0,0.0,1.0,0.0,1.0,0.0
112,2,1,1.0,0.0,0.0,0.0,0.0,1.0,0.0,1.0,0.0
113,2,1,0.0,0.0,0.0,0.0,1.0,1.0,0.0,0.0,1.0
114,2,1,0.0,1.0,0.0,0.0,0.0,0.0,1.0,0.0,1.0
115,4,2,0.0,0.0,0.0,0.0,1.0,1.0,0.0,0.0,1.0
116,3,1,0.0,0.0,1.0,0.0,0.0,1.0,0.0,0.0,1.0
117,2,1,0.0,0.0,1.0,0.0,0.0,1.0,0.0,0.0,1.0
118,4,4,0.0,0.0,1.0,0.0,0.0,1.0,0.0,0.0,1.0
119,3,2,0.0,0.0,1.0,0.0,0.0,1.0,0.0,0.0,1.0
120,3,2,1.0,0.0,0.0,0.0,0.0,1.0,0.0,1.0,0.0
121,4,2,0.0,0.0,0.0,1.0,0.0,1.0,0.0,0.0,1.0
122,2,2,0.0,0.0,1.0,0.0,0.0,0.0,1.0,1.0,0.0
123,4,4,0.0,1.0,0.0,0.0,0.0,1.0,0.0,0.0,1.0
124,4,1,0.0,0.0,1.0,0.0,0.0,0.0,1.0,1.0,0.0
125,5,2,0.0,0.0,0.0,1.0,0.0,1.0,0.0,0.0,1.0
126,2,1,0.0,0.0,1.0,0.0,0.0,0.0,1.0,1.0,0.0
127,2,1,1.0,0.0,0.0,0.0,0.0,1.0,0.0,1.0,0.0
128,5,5,0.0,0.0,0.0,0.0,1.0,1.0,0.0,0.0,1.0
129,3,2,0.0,0.0,1.0,0.0,0.0,0.0,1.0,0.0,1.0
130,2,2,0.0,0.0,0.0,1.0,0.0,0.0,1.0,1.0,0.0
131,5,3,0.0,0.0,0.0,1.0,0.0,0.0,1.0,1.0,0.0
132,2,2,0.0,0.0,1.0,0.0,0.0,1.0,0.0,1.0,0.0
133,3,2,1.0,0.0,0.0,0.0,0.0,0.0,1.0,1.0,0.0
134,4,3,0.0,0.0,1.0,0.0,0.0,0.0,1.0,1.0,0.0
135,1,4,0.0,0.0,0.0,1.0,0.0,1.0,0.0,1.0,0.0
136,1,1,1.0,0.0,0.0,0.0,0.0,1.0,0.0,0.0,1.0
137,4,1,0.0,0.0,1.0,0.0,0.0,1.0,0.0,1.0,0.0
138,3,1,1.0,0.0,0.0,0.0,0.0,0.0,1.0,0.0,1.0
139,3,1,0.0,0.0,0.0,1.0,0.0,0.0,1.0,1.0,0.0
140,5,4,1.0,0.0,0.0,0.0,0.0,1.0,0.0,0.0,1.0
141,3,1,1.0,0.0,0.0,0.0,0.0,1.0,0.0,1.0,0.0
142,4,5,0.0,0.0,0.0,1.0,0.0,0.0,1.0,0.0,1.0
143,3,1,0.0,0.0,1.0,0.0,0.0,0.0,1.0,1.0,0.0
144,3,2,0.0,0.0,1.0,0.0,0.0,0.0,1.0,1.0,0.0
145,2,1,0.0,0.0,1.0,0.0,0.0,0.0,1.0,1.0,0.0
146,4,3,0.0,0.0,0.0,1.0,0.0,0.0,1.0,0.0,1.0
147,2,1,0.0,0.0,0.0,0.0,1.0,1.0,0.0,1.0,0.0
148,5,1,0.0,0.0,1.0,0.0,0.0,0.0,1.0,1.0,0.0
149,2,1,0.0,0.0,0.0,0.0,1.0,1.0,0.0,0.0,1.0
150,2,3,0.0,0.0,0.0,1.0,0.0,0.0,1.0,1.0,0.0
151,3,3,0.0,0.0,0.0,1.0,0.0,1.0,0.0,0.0,1.0
152,3,2,0.0,0.0,0.0,1.0,0.0,1.0,0.0,0.0,1.0
153,2,1,0.0,0.0,0.0,0.0,1.0,1.0,0.0,1.0,0.0
154,4,3,1.0,0.0,0.0,0.0,0.0,1.0,0.0,1.0,0.0
155,5,2,0.0,0.0,1.0,0.0,0.0,1.0,0.0,0.0,1.0
156,2,2,0.0,0.0,1.0,0.0,0.0,1.0,0.0,1.0,0.0
157,2,1,1.0,0.0,0.0,0.0,0.0,0.0,1.0,1.0,0.0
158,2,1,0.0,1.0,0.0,0.0,0.0,1.0,0.0,1.0,0.0
159,2,1,1.0,0.0,0.0,0.0,0.0,1.0,0.0,1.0,0.0
160,4,4,1.0,0.0,0.0,0.0,0.0,0.0,1.0,1.0,0.0
161,2,1,0.0,0.0,0.0,0.0,1.0,0.0,1.0,0.0,1.0
162,5,5,0.0,0.0,0.0,1.0,0.0,1.0,0.0,0.0,1.0
163,5,5,0.0,0.0,1.0,0.0,0.0,0.0,1.0,0.0,1.0
164,4,5,1.0,0.0,0.0,0.0,0.0,0.0,1.0,0.0,1.0
165,1,3,0.0,0.0,0.0,1.0,0.0,0.0,1.0,1.0,0.0
166,4,1,0.0,0.0,0.0,1.0,0.0,0.0,1.0,0.0,1.0
167,1,1,0.0,0.0,1.0,0.0,0.0,0.0,1.0,1.0,0.0
168,4,1,1.0,0.0,0.0,0.0,0.0,1.0,0.0,0.0,1.0
169,2,3,0.0,0.0,1.0,0.0,0.0,1.0,0.0,0.0,1.0
170,5,5,1.0,0.0,0.0,0.0,0.0,1.0,0.0,1.0,0.0
171,2,2,1.0,0.0,0.0,0.0,0.0,1.0,0.0,0.0,1.0
172,5,4,0.0,0.0,1.0,0.0,0.0,0.0,1.0,0.0,1.0
173,5,5,0.0,1.0,0.0,0.0,0.0,1.0,0.0,0.0,1.0
174,2,2,1.0,0.0,0.0,0.0,0.0,0.0,1.0,0.0,1.0
175,4,4,0.0,0.0,1.0,0.0,0.0,0.0,1.0,0.0,1.0
176,4,4,0.0,0.0,1.0,0.0,0.0,1.0,0.0,0.0,1.0
177,3,4,1.0,0.0,0.0,0.0,0.0,1.0,0.0,0.0,1.0
178,5,5,0.0,0.0,1.0,0.0,0.0,0.0,1.0,0.0,1.0
179,2,1,0.0,0.0,0.0,1.0,0.0,1.0,0.0,0.0,1.0
180,5,4,0.0,0.0,1.0,0.0,0.0,1.0,0.0,0.0,1.0
181,3,1,0.0,1.0,0.0,0.0,0.0,0.0,1.0,1.0,0.0
182,5,1,0.0,0.0,1.0,0.0,0.0,1.0,0.0,1.0,0.0
183,2,1,0.0,1.0,0.0,0.0,0.0,0.0,1.0,1.0,0.0
184,5,4,0.0,0.0,1.0,0.0,0.0,1.0,0.0,0.0,1.0
185,2,1,0.0,0.0,1.0,0.0,0.0,0.0,1.0,0.0,1.0
186,4,3,0.0,0.0,0.0,0.0,1.0,1.0,0.0,0.0,1.0
187,5,1,1.0,0.0,0.0,0.0,0.0,0.0,1.0,1.0,0.0
188,5,1,0.0,0.0,1.0,0.0,0.0,1.0,0.0,1.0,0.0
189,4,4,0.0,0.0,0.0,0.0,1.0,1.0,0.0,0.0,1.0
190,4,4,0.0,0.0,0.0,1.0,0.0,1.0,0.0,1.0,0.0
191,4,4,0.0,0.0,1.0,0.0,0.0,1.0,0.0,0.0,1.0
192,3,4,0.0,0.0,0.0,0.0,1.0,0.0,1.0,0.0,1.0
193,3,1,0.0,0.0,1.0,0.0,0.0,0.0,1.0,0.0,1.0
194,3,3,0.0,0.0,0.0,0.0,1.0,1.0,0.0,0.0,1.0
195,3,2,0.0,0.0,0.0,1.0,0.0,0.0,1.0,0.0,1.0
196,2,3,0.0,0.0,0.0,1.0,0.0,1.0,0.0,1.0,0.0
197,3,3,0.0,0.0,1.0,0.0,0.0,0.0,1.0,1.0,0.0
198,2,2,0.0,0.0,1.0,0.0,0.0,1.0,0.0,1.0,0.0
199,4,3,0.0,0.0,0.0,1.0,0.0,0.0,1.0,0.0,1.0
200,3,2,0.0,0.0,0.0,1.0,0.0,0.0,1.0,0.0,1.0
201,3,2,0.0,0.0,1.0,0.0,0.0,0.0,1.0,0.0,1.0
202,3,3,0.0,1.0,0.0,0.0,0.0,0.0,1.0,1.0,0.0
203,3,5,1.0,0.0,0.0,0.0,0.0,1.0,0.0,0.0,1.0
204,3,1,0.0,0.0,0.0,1.0,0.0,1.0,0.0,1.0,0.0
205,3,1,1.0,0.0,0.0,0.0,0.0,1.0,0.0,1.0,0.0
206,4,5,1.0,0.0,0.0,0.0,0.0,1.0,0.0,0.0,1.0
207,2,4,0.0,0.0,0.0,1.0,0.0,1.0,0.0,0.0,1.0
208,3,1,0.0,0.0,1.0,0.0,0.0,1.0,0.0,0.0,1.0
209,2,1,0.0,0.0,0.0,1.0,0.0,0.0,1.0,1.0,0.0
210,3,2,0.0,0.0,0.0,1.0,0.0,1.0,0.0,0.0,1.0
211,4,5,0.0,0.0,0.0,0.0,1.0,1.0,0.0,0.0,1.0
212,4,3,0.0,0.0,0.0,1.0,0.0,1.0,0.0,1.0,0.0
213,2,2,0.0,0.0,0.0,0.0,1.0,1.0,0.0,1.0,0.0
214,5,5,0.0,1.0,0.0,0.0,0.0,1.0,0.0,1.0,0.0
215,3,3,0.0,0.0,1.0,0.0,0.0,1.0,0.0,1.0,0.0
216,4,3,0.0,0.0,1.0,0.0,0.0,1.0,0.0,1.0,0.0
217,2,2,0.0,0.0,1.0,0.0,0.0,1.0,0.0,1.0,0.0
218,5,1,0.0,0.0,0.0,1.0,0.0,1.0,0.0,1.0,0.0
219,3,4,1.0,0.0,0.0,0.0,0.0,0.0,1.0,1.0,0.0
220,3,2,0.0,0.0,0.0,1.0,0.0,1.0,0.0,1.0,0.0
221,2,1,0.0,0.0,0.0,0.0,1.0,0.0,1.0,1.0,0.0
222,2,4,1.0,0.0,0.0,0.0,0.0,1.0,0.0,1.0,0.0
223,2,1,0.0,0.0,0.0,0.0,1.0,0.0,1.0,1.0,0.0
224,3,2,0.0,0.0,1.0,0.0,0.0,1.0,0.0,1.0,0.0
225,5,5,0.0,0.0,0.0,1.0,0.0,0.0,1.0,0.0,1.0
226,4,1,0.0,0.0,1.0,0.0,0.0,1.0,0.0,1.0,0.0
227,4,4,0.0,0.0,0.0,1.0,0.0,1.0,0.0,0.0,1.0
228,1,2,0.0,0.0,0.0,1.0,0.0,1.0,0.0,1.0,0.0
229,4,3,0.0,0.0,1.0,0.0,0.0,1.0,0.0,1.0,0.0
230,5,4,0.0,0.0,1.0,0.0,0.0,0.0,1.0,1.0,0.0
231,4,4,0.0,0.0,0.0,1.0,0.0,1.0,0.0,0.0,1.0
232,3,4,1.0,0.0,0.0,0.0,0.0,1.0,0.0,1.0,0.0
233,3,1,1.0,0.0,0.0,0.0,0.0,1.0,0.0,1.0,0.0
234,5,2,1.0,0.0,0.0,0.0,0.0,1.0,0.0,1.0,0.0
235,4,1,1.0,0.0,0.0,0.0,0.0,0.0,1.0,1.0,0.0
236,1,1,0.0,0.0,0.0,1.0,0.0,1.0,0.0,1.0,0.0
237,3,5,0.0,0.0,1.0,0.0,0.0,1.0,0.0,0.0,1.0
238,2,1,0.0,0.0,0.0,0.0,1.0,1.0,0.0,1.0,0.0
239,3,1,0.0,0.0,1.0,0.0,0.0,0.0,1.0,1.0,0.0
240,4,3,0.0,0.0,1.0,0.0,0.0,1.0,0.0,1.0,0.0
241,3,3,0.0,0.0,0.0,1.0,0.0,1.0,0.0,0.0,1.0
242,2,5,1.0,0.0,0.0,0.0,0.0,0.0,1.0,0.0,1.0
243,3,2,0.0,0.0,1.0,0.0,0.0,0.0,1.0,1.0,0.0
244,3,2,0.0,1.0,0.0,0.0,0.0,0.0,1.0,1.0,0.0
245,2,1,0.0,0.0,1.0,0.0,0.0,1.0,0.0,0.0,1.0
246,5,3,0.0,0.0,0.0,0.0,1.0,0.0,1.0,0.0,1.0
247,4,4,0.0,1.0,0.0,0.0,0.0,1.0,0.0,0.0,1.0
248,2,1,0.0,0.0,1.0,0.0,0.0,1.0,0.0,0.0,1.0
249,3,3,1.0,0.0,0.0,0.0,0.0,0.0,1.0,0.0,1.0
250,2,5,0.0,0.0,1.0,0.0,0.0,0.0,1.0,0.0,1.0
251,2,1,0.0,0.0,1.0,0.0,0.0,0.0,1.0,1.0,0.0
252,3,2,0.0,0.0,1.0,0.0,0.0,0.0,1.0,1.0,0.0
253,3,1,0.0,0.0,0.0,1.0,0.0,1.0,0.0,1.0,0.0
254,1,1,1.0,0.0,0.0,0.0,0.0,0.0,1.0,1.0,0.0
255,1,1,0.0,0.0,1.0,0.0,0.0,1.0,0.0,1.0,0.0
256,3,2,0.0,0.0,1.0,0.0,0.0,0.0,1.0,0.0,1.0
257,1,2,0.0,0.0,0.0,0.0,1.0,1.0,0.0,0.0,1.0
258,2,1,0.0,0.0,1.0,0.0,0.0,1.0,0.0,1.0,0.0
259,2,2,1.0,0.0,0.0,0.0,0.0,0.0,1.0,1.0,0.0
260,5,2,0.0,0.0,1.0,0.0,0.0,1.0,0.0,1.0,0.0
261,1,1,1.0,0.0,0.0,0.0,0.0,1.0,0.0,1.0,0.0
262,4,1,0.0,0.0,1.0,0.0,0.0,1.0,0.0,1.0,0.0
263,4,5,0.0,0.0,1.0,0.0,0.0,1.0,0.0,0.0,1.0
264,2,1,0.0,0.0,1.0,0.0,0.0,1.0,0.0,1.0,0.0
265,3,3,1.0,0.0,0.0,0.0,0.0,1.0,0.0,1.0,0.0
266,2,1,0.0,0.0,0.0,0.0,1.0,1.0,0.0,1.0,0.0
267,5,4,0.0,1.0,0.0,0.0,0.0,0.0,1.0,0.0,1.0
268,3,3,0.0,0.0,0.0,0.0,1.0,1.0,0.0,0.0,1.0
269,5,1,0.0,0.0,0.0,0.0,1.0,1.0,0.0,0.0,1.0
270,2,2,0.0,0.0,0.0,1.0,0.0,1.0,0.0,0.0,1.0
271,1,4,0.0,0.0,0.0,0.0,1.0,0.0,1.0,1.0,0.0
272,3,1,0.0,0.0,1.0,0.0,0.0,0.0,1.0,0.0,1.0
273,2,3,0.0,0.0,0.0,1.0,0.0,0.0,1.0,1.0,0.0
274,2,1,1.0,0.0,0.0,0.0,0.0,0.0,1.0,1.0,0.0
275,4,1,0.0,0.0,1.0,0.0,0.0,0.0,1.0,1.0,0.0
276,3,1,0.0,0.0,1.0,0.0,0.0,1.0,0.0,0.0,1.0
277,4,2,0.0,0.0,1.0,0.0,0.0,1.0,0.0,1.0,0.0
278,2,1,0.0,0.0,1.0,0.0,0.0,1.0,0.0,0.0,1.0
279,5,5,0.0,0.0,0.0,1.0,0.0,0.0,1.0,0.0,1.0
280,3,3,0.0,0.0,1.0,0.0,0.0,0.0,1.0,0.0,1.0
281,2,4,0.0,0.0,1.0,0.0,0.0,1.0,0.0,0.0,1.0
282,5,4,0.0,0.0,0.0,1.0,0.0,1.0,0.0,0.0,1.0
283,3,3,1.0,0.0,0.0,0.0,0.0,1.0,0.0,0.0,1.0
284,5,5,0.0,0.0,0.0,1.0,0.0,1.0,0.0,0.0,1.0
285,2,3,0.0,0.0,1.0,0.0,0.0,1.0,0.0,0.0,1.0
286,2,4,0.0,0.0,1.0,0.0,0.0,1.0,0.0,0.0,1.0
287,4,2,0.0,1.0,0.0,0.0,0.0,1.0,0.0,0.0,1.0
288,4,3,0.0,0.0,1.0,0.0,0.0,0.0,1.0,1.0,0.0
289,3,1,0.0,0.0,0.0,0.0,1.0,1.0,0.0,1.0,0.0
290,3,1,0.0,0.0,0.0,1.0,0.0,1.0,0.0,1.0,0.0
291,5,4,0.0,0.0,0.0,1.0,0.0,1.0,0.0,0.0,1.0
292,4,3,0.0,0.0,1.0,0.0,0.0,1.0,0.0,1.0,0.0
293,3,3,0.0,0.0,1.0,0.0,0.0,1.0,0.0,1.0,0.0
294,3,1,0.0,0.0,1.0,0.0,0.0,1.0,0.0,1.0,0.0
295,1,1,0.0,0.0,0.0,1.0,0.0,1.0,0.0,0.0,1.0
296,4,2,0.0,0.0,1.0,0.0,0.0,1.0,0.0,0.0,1.0
297,2,1,0.0,0.0,1.0,0.0,0.0,1.0,0.0,0.0,1.0
298,1,1,0.0,0.0,0.0,1.0,0.0,0.0,1.0,1.0,0.0
299,3,2,0.0,0.0,1.0,0.0,0.0,0.0,1.0,1.0,0.0
300,2,3,0.0,0.0,0.0,1.0,0.0,0.0,1.0,1.0,0.0
301,2,1,0.0,0.0,0.0,0.0,1.0,1.0,0.0,0.0,1.0
302,2,1,0.0,0.0,1.0,0.0,0.0,1.0,0.0,0.0,1.0
303,3,1,0.0,0.0,1.0,0.0,0.0,1.0,0.0,1.0,0.0
304,3,1,1.0,0.0,0.0,0.0,0.0,0.0,1.0,1.0,0.0
305,4,3,0.0,0.0,1.0,0.0,0.0,1.0,0.0,0.0,1.0
306,5,4,0.0,0.0,1.0,0.0,0.0,1.0,0.0,0.0,1.0
307,4,4,0.0,0.0,0.0,1.0,0.0,0.0,1.0,0.0,1.0
308,4,2,0.0,0.0,0.0,0.0,1.0,1.0,0.0,1.0,0.0
309,5,3,0.0,1.0,0.0,0.0,0.0,0.0,1.0,0.0,1.0
310,5,2,0.0,0.0,1.0,0.0,0.0,0.0,1.0,1.0,0.0
311,5,3,0.0,0.0,1.0,0.0,0.0,1.0,0.0,1.0,0.0
312,5,3,0.0,0.0,1.0,0.0,0.0,0.0,1.0,1.0,0.0
313,3,1,0.0,0.0,1.0,0.0,0.0,1.0,0.0,1.0,0.0
314,2,2,1.0,0.0,0.0,0.0,0.0,0.0,1.0,0.0,1.0
315,5,2,0.0,0.0,1.0,0.0,0.0,0.0,1.0,1.0,0.0
316,3,1,1.0,0.0,0.0,0.0,0.0,0.0,1.0,1.0,0.0
317,4,3,0.0,0.0,0.0,1.0,0.0,0.0,1.0,1.0,0.0
318,1,1,0.0,0.0,1.0,0.0,0.0,0.0,1.0,1.0,0.0
319,4,4,0.0,0.0,0.0,0.0,1.0,1.0,0.0,0.0,1.0
320,4,1,0.0,1.0,0.0,0.0,0.0,0.0,1.0,1.0,0.0
321,3,1,0.0,0.0,1.0,0.0,0.0,0.0,1.0,1.0,0.0
322,3,3,0.0,0.0,0.0,1.0,0.0,1.0,0.0,1.0,0.0
323,3,2,0.0,0.0,0.0,0.0,1.0,1.0,0.0,0.0,1.0
324,4,4,1.0,0.0,0.0,0.0,0.0,1.0,0.0,0.0,1.0
325,4,4,0.0,0.0,0.0,1.0,0.0,0.0,1.0,0.0,1.0
326,4,4,0.0,0.0,0.0,0.0,1.0,1.0,0.0,0.0,1.0
327,2,1,1.0,0.0,0.0,0.0,0.0,1.0,0.0,1.0,0.0
328,4,1,0.0,0.0,1.0,0.0,0.0,1.0,0.0,1.0,0.0
329,5,2,0.0,0.0,1.0,0.0,0.0,1.0,0.0,1.0,0.0
330,1,1,0.0,0.0,1.0,0.0,0.0,0.0,1.0,1.0,0.0
331,3,2,0.0,0.0,1.0,0.0,0.0,1.0,0.0,0.0,1.0
332,3,2,1.0,0.0,0.0,0.0,0.0,1.0,0.0,1.0,0.0
333,3,1,0.0,0.0,0.0,1.0,0.0,1.0,0.0,1.0,0.0
334,4,3,0.0,0.0,0.0,1.0,0.0,1.0,0.0,0.0,1.0
335,3,1,0.0,0.0,0.0,0.0,1.0,1.0,0.0,0.0,1.0
336,2,4,0.0,0.0,0.0,0.0,1.0,0.0,1.0,0.0,1.0
337,2,2,0.0,1.0,0.0,0.0,0.0,1.0,0.0,1.0,0.0
338,2,1,0.0,0.0,0.0,1.0,0.0,1.0,0.0,1.0,0.0
339,2,1,0.0,0.0,0.0,1.0,0.0,1.0,0.0,0.0,1.0
340,3,3,0.0,1.0,0.0,0.0,0.0,1.0,0.0,0.0,1.0
341,4,3,0.0,1.0,0.0,0.0,0.0,1.0,0.0,1.0,0.0
342,5,2,0.0,0.0,1.0,0.0,0.0,0.0,1.0,1.0,0.0
343,3,1,0.0,0.0,1.0,0.0,0.0,1.0,0.0,1.0,0.0
344,2,2,0.0,0.0,0.0,0.0,1.0,0.0,1.0,0.0,1.0
345,4,1,0.0,1.0,0.0,0.0,0.0,0.0,1.0,1.0,0.0
346,1,2,0.0,0.0,1.0,0.0,0.0,1.0,0.0,0.0,1.0
347,4,1,0.0,0.0,0.0,1.0,0.0,1.0,0.0,1.0,0.0
348,3,1,0.0,0.0,1.0,0.0,0.0,1.0,0.0,1.0,0.0
349,2,2,0.0,1.0,0.0,0.0,0.0,1.0,0.0,1.0,0.0
350,1,1,1.0,0.0,0.0,0.0,0.0,0.0,1.0,0.0,1.0
351,3,1,0.0,0.0,0.0,1.0,0.0,1.0,0.0,0.0,1.0
352,3,2,0.0,0.0,1.0,0.0,0.0,0.0,1.0,0.0,1.0
353,4,2,0.0,0.0,1.0,0.0,0.0,0.0,1.0,1.0,0.0
354,3,2,0.0,0.0,0.0,1.0,0.0,1.0,0.0,1.0,0.0
355,1,1,0.0,0.0,1.0,0.0,0.0,0.0,1.0,1.0,0.0
356,4,1,0.0,0.0,0.0,0.0,1.0,1.0,0.0,1.0,0.0
357,4,1,0.0,0.0,1.0,0.0,0.0,0.0,1.0,1.0,0.0
358,4,4,0.0,1.0,0.0,0.0,0.0,1.0,0.0,1.0,0.0
359,4,5,1.0,0.0,0.0,0.0,0.0,1.0,0.0,1.0,0.0
360,4,1,1.0,0.0,0.0,0.0,0.0,1.0,0.0,1.0,0.0
361,4,1,0.0,1.0,0.0,0.0,0.0,0.0,1.0,0.0,1.0
362,4,3,0.0,0.0,0.0,0.0,1.0,1.0,0.0,1.0,0.0
363,4,1,0.0,0.0,1.0,0.0,0.0,0.0,1.0,1.0,0.0
364,4,2,0.0,1.0,0.0,0.0,0.0,1.0,0.0,1.0,0.0
365,2,2,0.0,0.0,0.0,1.0,0.0,0.0,1.0,1.0,0.0
366,3,1,0.0,0.0,0.0,1.0,0.0,1.0,0.0,1.0,0.0
367,3,2,0.0,0.0,1.0,0.0,0.0,1.0,0.0,1.0,0.0
368,5,4,0.0,0.0,1.0,0.0,0.0,1.0,0.0,0.0,1.0
369,5,3,0.0,0.0,1.0,0.0,0.0,0.0,1.0,1.0,0.0
370,4,1,0.0,0.0,1.0,0.0,0.0,0.0,1.0,1.0,0.0
371,5,4,0.0,0.0,1.0,0.0,0.0,0.0,1.0,1.0,0.0
372,2,1,0.0,0.0,1.0,0.0,0.0,0.0,1.0,1.0,0.0
373,2,2,0.0,0.0,0.0,1.0,0.0,1.0,0.0,1.0,0.0
374,3,3,0.0,0.0,0.0,1.0,0.0,1.0,0.0,1.0,0.0
375,3,3,1.0,0.0,0.0,0.0,0.0,1.0,0.0,1.0,0.0
376,5,2,0.0,0.0,1.0,0.0,0.0,1.0,0.0,1.0,0.0
377,3,2,0.0,0.0,1.0,0.0,0.0,1.0,0.0,0.0,1.0
378,5,5,0.0,0.0,1.0,0.0,0.0,1.0,0.0,0.0,1.0
379,5,5,0.0,0.0,0.0,1.0,0.0,1.0,0.0,0.0,1.0
380,4,3,0.0,0.0,0.0,0.0,1.0,1.0,0.0,1.0,0.0
381,3,2,0.0,0.0,0.0,0.0,1.0,0.0,1.0,1.0,0.0
382,5,5,1.0,0.0,0.0,0.0,0.0,1.0,0.0,1.0,0.0
383,5,4,0.0,0.0,1.0,0.0,0.0,1.0,0.0,0.0,1.0
384,4,2,1.0,0.0,0.0,0.0,0.0,0.0,1.0,0.0,1.0
385,5,1,1.0,0.0,0.0,0.0,0.0,0.0,1.0,1.0,0.0
386,3,1,1.0,0.0,0.0,0.0,0.0,0.0,1.0,1.0,0.0
387,2,2,0.0,0.0,1.0,0.0,0.0,1.0,0.0,0.0,1.0
388,4,1,0.0,0.0,0.0,1.0,0.0,1.0,0.0,1.0,0.0
389,3,1,0.0,0.0,1.0,0.0,0.0,0.0,1.0,1.0,0.0
390,4,1,1.0,0.0,0.0,0.0,0.0,1.0,0.0,1.0,0.0
391,5,3,0.0,0.0,0.0,1.0,0.0,1.0,0.0,1.0,0.0
392,2,3,0.0,0.0,1.0,0.0,0.0,0.0,1.0,1.0,0.0
393,3,1,0.0,0.0,0.0,1.0,0.0,1.0,0.0,1.0,0.0
394,3,3,0.0,0.0,1.0,0.0,0.0,1.0,0.0,1.0,0.0
395,3,2,0.0,0.0,0.0,0.0,1.0,1.0,0.0,0.0,1.0
396,3,3,0.0,0.0,0.0,1.0,0.0,0.0,1.0,0.0,1.0
397,1,2,1.0,0.0,0.0,0.0,0.0,0.0,1.0,1.0,0.0
398,3,2,1.0,0.0,0.0,0.0,0.0,1.0,0.0,1.0,0.0
399,3,3,0.0,0.0,1.0,0.0,0.0,0.0,1.0,1.0,0.0
400,2,2,0.0,0.0,0.0,0.0,1.0,0.0,1.0,0.0,1.0
401,5,3,0.0,0.0,0.0,0.0,1.0,0.0,1.0,0.0,1.0
402,3,3,0.0,1.0,0.0,0.0,0.0,0.0,1.0,1.0,0.0
403,4,2,0.0,0.0,0.0,1.0,0.0,0.0,1.0,1.0,0.0
404,5,4,0.0,0.0,0.0,1.0,0.0,1.0,0.0,1.0,0.0
405,3,4,1.0,0.0,0.0,0.0,0.0,1.0,0.0,1.0,0.0
406,2,1,0.0,0.0,1.0,0.0,0.0,0.0,1.0,1.0,0.0
407,2,1,0.0,0.0,1.0,0.0,0.0,1.0,0.0,1.0,0.0
408,4,3,0.0,0.0,0.0,1.0,0.0,1.0,0.0,0.0,1.0
409,5,4,0.0,0.0,1.0,0.0,0.0,0.0,1.0,0.0,1.0
410,4,3,0.0,0.0,0.0,1.0,0.0,1.0,0.0,1.0,0.0
411,2,2,0.0,1.0,0.0,0.0,0.0,1.0,0.0,0.0,1.0
412,2,1,0.0,0.0,0.0,0.0,1.0,1.0,0.0,1.0,0.0
413,3,2,1.0,0.0,0.0,0.0,0.0,0.0,1.0,0.0,1.0
414,2,3,0.0,0.0,1.0,0.0,0.0,0.0,1.0,1.0,0.0
415,5,4,0.0,0.0,0.0,0.0,1.0,0.0,1.0,1.0,0.0
416,4,2,0.0,0.0,1.0,0.0,0.0,1.0,0.0,0.0,1.0
417,4,2,1.0,0.0,0.0,0.0,0.0,0.0,1.0,1.0,0.0
418,3,5,0.0,0.0,1.0,0.0,0.0,1.0,0.0,0.0,1.0
419,4,4,0.0,0.0,1.0,0.0,0.0,1.0,0.0,0.0,1.0
420,4,3,0.0,0.0,0.0,1.0,0.0,1.0,0.0,1.0,0.0
421,1,1,0.0,0.0,1.0,0.0,0.0,0.0,1.0,1.0,0.0
422,2,2,0.0,0.0,0.0,1.0,0.0,0.0,1.0,1.0,0.0
423,3,3,1.0,0.0,0.0,0.0,0.0,0.0,1.0,1.0,0.0
424,4,1,0.0,0.0,1.0,0.0,0.0,1.0,0.0,1.0,0.0
425,3,1,1.0,0.0,0.0,0.0,0.0,0.0,1.0,1.0,0.0
426,4,3,1.0,0.0,0.0,0.0,0.0,1.0,0.0,1.0,0.0
427,2,2,1.0,0.0,0.0,0.0,0.0,1.0,0.0,1.0,0.0
428,4,1,1.0,0.0,0.0,0.0,0.0,1.0,0.0,1.0,0.0
429,2,3,1.0,0.0,0.0,0.0,0.0,1.0,0.0,0.0,1.0
430,3,1,0.0,0.0,1.0,0.0,0.0,1.0,0.0,0.0,1.0
431,4,2,1.0,0.0,0.0,0.0,0.0,0.0,1.0,1.0,0.0
432,4,2,0.0,0.0,1.0,0.0,0.0,1.0,0.0,1.0,0.0
433,1,5,0.0,0.0,0.0,0.0,1.0,0.0,1.0,1.0,0.0
434,1,1,1.0,0.0,0.0,0.0,0.0,0.0,1.0,1.0,0.0
435,3,2,1.0,0.0,0.0,0.0,0.0,1.0,0.0,1.0,0.0
436,3,2,0.0,0.0,1.0,0.0,0.0,0.0,1.0,1.0,0.0
437,3,2,0.0,0.0,1.0,0.0,0.0,1.0,0.0,1.0,0.0
438,5,3,0.0,0.0,1.0,0.0,0.0,1.0,0.0,1.0,0.0
439,3,1,0.0,0.0,1.0,0.0,0.0,1.0,0.0,1.0,0.0
440,5,5,1.0,0.0,0.0,0.0,0.0,0.0,1.0,0.0,1.0
441,3,4,0.0,0.0,1.0,0.0,0.0,1.0,0.0,0.0,1.0
442,4,2,0.0,1.0,0.0,0.0,0.0,1.0,0.0,0.0,1.0
443,4,2,0.0,1.0,0.0,0.0,0.0,1.0,0.0,0.0,1.0
444,5,2,0.0,0.0,1.0,0.0,0.0,1.0,0.0,0.0,1.0
445,5,4,0.0,0.0,1.0,0.0,0.0,0.0,1.0,0.0,1.0
446,3,1,1.0,0.0,0.0,0.0,0.0,1.0,0.0,0.0,1.0
447,5,5,0.0,0.0,1.0,0.0,0.0,0.0,1.0,0.0,1.0
448,2,1,0.0,0.0,0.0,0.0,1.0,0.0,1.0,1.0,0.0
449,2,1,0.0,0.0,1.0,0.0,0.0,1.0,0.0,1.0,0.0
450,4,2,0.0,0.0,1.0,0.0,0.0,1.0,0.0,1.0,0.0
451,3,1,0.0,0.0,1.0,0.0,0.0,1.0,0.0,0.0,1.0
452,5,1,0.0,0.0,1.0,0.0,0.0,1.0,0.0,1.0,0.0
453,2,2,0.0,0.0,1.0,0.0,0.0,1.0,0.0,1.0,0.0
454,2,2,0.0,0.0,1.0,0.0,0.0,1.0,0.0,1.0,0.0
455,2,3,1.0,0.0,0.0,0.0,0.0,1.0,0.0,1.0,0.0
456,3,1,1.0,0.0,0.0,0.0,0.0,0.0,1.0,1.0,0.0
457,5,5,1.0,0.0,0.0,0.0,0.0,1.0,0.0,0.0,1.0
458,2,1,0.0,0.0,1.0,0.0,0.0,1.0,0.0,1.0,0.0
459,3,1,1.0,0.0,0.0,0.0,0.0,1.0,0.0,1.0,0.0
460,3,1,1.0,0.0,0.0,0.0,0.0,1.0,0.0,1.0,0.0
461,2,3,1.0,0.0,0.0,0.0,0.0,0.0,1.0,1.0,0.0
462,1,2,1.0,0.0,0.0,0.0,0.0,1.0,0.0,1.0,0.0
463,3,2,0.0,0.0,1.0,0.0,0.0,1.0,0.0,1.0,0.0
464,4,4,1.0,0.0,0.0,0.0,0.0,1.0,0.0,0.0,1.0
465,4,3,0.0,0.0,1.0,0.0,0.0,0.0,1.0,1.0,0.0
466,3,3,0.0,0.0,1.0,0.0,0.0,1.0,0.0,0.0,1.0
467,4,1,0.0,0.0,1.0,0.0,0.0,1.0,0.0,1.0,0.0
468,3,2,0.0,1.0,0.0,0.0,0.0,1.0,0.0,0.0,1.0
469,1,1,0.0,0.0,1.0,0.0,0.0,0.0,1.0,0.0,1.0
470,4,1,0.0,0.0,0.0,1.0,0.0,0.0,1.0,1.0,0.0
471,4,3,1.0,0.0,0.0,0.0,0.0,1.0,0.0,1.0,0.0
472,2,1,0.0,0.0,1.0,0.0,0.0,0.0,1.0,1.0,0.0
473,3,3,1.0,0.0,0.0,0.0,0.0,1.0,0.0,0.0,1.0
474,4,5,1.0,0.0,0.0,0.0,0.0,1.0,0.0,0.0,1.0
475,2,1,0.0,0.0,1.0,0.0,0.0,1.0,0.0,1.0,0.0
476,3,1,0.0,0.0,1.0,0.0,0.0,0.0,1.0,1.0,0.0
477,3,4,0.0,0.0,0.0,1.0,0.0,1.0,0.0,0.0,1.0
478,3,1,1.0,0.0,0.0,0.0,0.0,1.0,0.0,1.0,0.0
479,3,1,0.0,0.0,1.0,0.0,0.0,1.0,0.0,1.0,0.0
480,4,1,1.0,0.0,0.0,0.0,0.0,0.0,1.0,1.0,0.0
481,3,1,1.0,0.0,0.0,0.0,0.0,0.0,1.0,1.0,0.0
482,1,3,1.0,0.0,0.0,0.0,0.0,0.0,1.0,1.0,0.0
483,5,2,0.0,0.0,1.0,0.0,0.0,1.0,0.0,1.0,0.0
484,4,2,0.0,0.0,1.0,0.0,0.0,1.0,0.0,1.0,0.0
485,5,2,1.0,0.0,0.0,0.0,0.0,1.0,0.0,1.0,0.0
486,3,4,0.0,0.0,1.0,0.0,0.0,1.0,0.0,1.0,0.0
487,2,1,0.0,0.0,1.0,0.0,0.0,0.0,1.0,1.0,0.0
488,1,1,1.0,0.0,0.0,0.0,0.0,0.0,1.0,1.0,0.0
489,3,4,0.0,0.0,1.0,0.0,0.0,1.0,0.0,0.0,1.0
490,3,1,1.0,0.0,0.0,0.0,0.0,0.0,1.0,1.0,0.0
491,4,1,0.0,0.0,1.0,0.0,0.0,0.0,1.0,1.0,0.0
492,2,1,0.0,1.0,0.0,0.0,0.0,0.0,1.0,1.0,0.0
493,4,5,0.0,0.0,1.0,0.0,0.0,1.0,0.0,1.0,0.0
494,5,3,1.0,0.0,0.0,0.0,0.0,1.0,0.0,1.0,0.0
495,4,1,0.0,0.0,1.0,0.0,0.0,0.0,1.0,1.0,0.0
496,4,2,0.0,0.0,0.0,1.0,0.0,0.0,1.0,1.0,0.0
497,5,4,0.0,0.0,0.0,1.0,0.0,1.0,0.0,0.0,1.0
498,3,1,0.0,0.0,1.0,0.0,0.0,1.0,0.0,1.0,0.0
499,5,2,0.0,0.0,0.0,1.0,0.0,0.0,1.0,1.0,0.0
500,5,5,0.0,0.0,1.0,0.0,0.0,0.0,1.0,0.0,1.0
501,5,5,0.0,0.0,1.0,0.0,0.0,1.0,0.0,0.0,1.0
502,5,5,0.0,0.0,0.0,1.0,0.0,1.0,0.0,0.0,1.0
503,1,1,0.0,0.0,1.0,0.0,0.0,1.0,0.0,1.0,0.0
504,5,1,0.0,0.0,1.0,0.0,0.0,0.0,1.0,1.0,0.0
505,5,2,1.0,0.0,0.0,0.0,0.0,0.0,1.0,1.0,0.0
506,4,4,1.0,0.0,0.0,0.0,0.0,0.0,1.0,1.0,0.0
507,3,1,0.0,0.0,1.0,0.0,0.0,0.0,1.0,1.0,0.0
508,5,2,0.0,0.0,1.0,0.0,0.0,1.0,0.0,0.0,1.0
509,2,1,1.0,0.0,0.0,0.0,0.0,1.0,0.0,1.0,0.0
510,2,1,0.0,0.0,1.0,0.0,0.0,1.0,0.0,1.0,0.0
511,5,1,0.0,0.0,1.0,0.0,0.0,0.0,1.0,1.0,0.0
512,2,1,1.0,0.0,0.0,0.0,0.0,0.0,1.0,1.0,0.0
513,3,3,0.0,0.0,1.0,0.0,0.0,1.0,0.0,1.0,0.0
514,3,4,0.0,0.0,0.0,1.0,0.0,1.0,0.0,1.0,0.0
515,5,4,0.0,0.0,1.0,0.0,0.0,1.0,0.0,1.0,0.0
516,3,3,0.0,1.0,0.0,0.0,0.0,0.0,1.0,1.0,0.0
517,5,4,0.0,0.0,1.0,0.0,0.0,1.0,0.0,1.0,0.0
518,2,3,0.0,0.0,1.0,0.0,0.0,1.0,0.0,1.0,0.0
519,1,1,0.0,0.0,1.0,0.0,0.0,1.0,0.0,0.0,1.0
520,2,3,1.0,0.0,0.0,0.0,0.0,1.0,0.0,1.0,0.0
521,3,1,1.0,0.0,0.0,0.0,0.0,1.0,0.0,1.0,0.0
522,4,2,0.0,1.0,0.0,0.0,0.0,0.0,1.0,1.0,0.0
523,5,5,1.0,0.0,0.0,0.0,0.0,0.0,1.0,0.0,1.0
524,1,1,1.0,0.0,0.0,0.0,0.0,1.0,0.0,1.0,0.0
525,3,2,0.0,0.0,1.0,0.0,0.0,1.0,0.0,0.0,1.0
526,3,2,0.0,0.0,1.0,0.0,0.0,0.0,1.0,1.0,0.0
527,3,2,0.0,0.0,0.0,1.0,0.0,1.0,0.0,0.0,1.0
528,3,2,1.0,0.0,0.0,0.0,0.0,1.0,0.0,1.0,0.0
529,3,2,0.0,0.0,0.0,1.0,0.0,1.0,0.0,1.0,0.0
530,4,5,0.0,0.0,0.0,1.0,0.0,1.0,0.0,0.0,1.0
531,3,3,1.0,0.0,0.0,0.0,0.0,0.0,1.0,0.0,1.0
532,2,4,0.0,1.0,0.0,0.0,0.0,0.0,1.0,0.0,1.0
533,2,1,0.0,0.0,1.0,0.0,0.0,0.0,1.0,1.0,0.0
534,2,5,0.0,0.0,0.0,0.0,1.0,1.0,0.0,0.0,1.0
535,5,3,0.0,0.0,1.0,0.0,0.0,1.0,0.0,0.0,1.0
536,5,3,0.0,0.0,1.0,0.0,0.0,1.0,0.0,0.0,1.0
537,3,2,0.0,0.0,0.0,1.0,0.0,1.0,0.0,0.0,1.0
538,3,2,0.0,0.0,1.0,0.0,0.0,0.0,1.0,1.0,0.0
539,4,2,0.0,0.0,1.0,0.0,0.0,1.0,0.0,1.0,0.0
540,3,2,1.0,0.0,0.0,0.0,0.0,0.0,1.0,1.0,0.0
541,3,1,0.0,0.0,1.0,0.0,0.0,1.0,0.0,1.0,0.0
542,5,4,0.0,0.0,0.0,0.0,1.0,0.0,1.0,1.0,0.0
543,3,3,0.0,1.0,0.0,0.0,0.0,0.0,1.0,0.0,1.0
544,2,3,0.0,0.0,1.0,0.0,0.0,0.0,1.0,0.0,1.0
545,4,4,0.0,0.0,0.0,1.0,0.0,0.0,1.0,0.0,1.0
546,5,1,0.0,1.0,0.0,0.0,0.0,1.0,0.0,1.0,0.0
547,2,1,0.0,0.0,1.0,0.0,0.0,1.0,0.0,0.0,1.0
548,5,2,1.0,0.0,0.0,0.0,0.0,0.0,1.0,1.0,0.0
549,3,3,0.0,0.0,1.0,0.0,0.0,1.0,0.0,1.0,0.0
550,2,2,0.0,0.0,1.0,0.0,0.0,0.0,1.0,0.0,1.0
551,2,2,0.0,0.0,1.0,0.0,0.0,1.0,0.0,0.0,1.0
552,3,4,0.0,0.0,1.0,0.0,0.0,1.0,0.0,0.0,1.0
553,2,1,0.0,0.0,1.0,0.0,0.0,0.0,1.0,0.0,1.0
554,5,2,1.0,0.0,0.0,0.0,0.0,0.0,1.0,1.0,0.0
555,4,1,0.0,0.0,1.0,0.0,0.0,0.0,1.0,1.0,0.0
556,4,4,0.0,0.0,1.0,0.0,0.0,1.0,0.0,0.0,1.0
557,4,1,0.0,0.0,1.0,0.0,0.0,0.0,1.0,1.0,0.0
558,5,5,0.0,0.0,1.0,0.0,0.0,0.0,1.0,0.0,1.0
559,2,1,1.0,0.0,0.0,0.0,0.0,1.0,0.0,0.0,1.0
560,5,3,0.0,0.0,1.0,0.0,0.0,0.0,1.0,0.0,1.0
561,3,4,1.0,0.0,0.0,0.0,0.0,1.0,0.0,0.0,1.0
562,3,1,0.0,0.0,1.0,0.0,0.0,0.0,1.0,1.0,0.0
563,1,3,0.0,0.0,1.0,0.0,0.0,0.0,1.0,0.0,1.0
564,5,3,0.0,0.0,0.0,1.0,0.0,1.0,0.0,0.0,1.0
565,5,4,1.0,0.0,0.0,0.0,0.0,1.0,0.0,0.0,1.0
566,3,3,0.0,0.0,0.0,1.0,0.0,0.0,1.0,0.0,1.0
567,1,2,0.0,0.0,0.0,1.0,0.0,1.0,0.0,0.0,1.0
568,1,1,1.0,0.0,0.0,0.0,0.0,1.0,0.0,0.0,1.0
569,5,3,1.0,0.0,0.0,0.0,0.0,1.0,0.0,0.0,1.0
570,3,4,0.0,0.0,0.0,1.0,0.0,0.0,1.0,0.0,1.0
571,3,3,1.0,0.0,0.0,0.0,0.0,0.0,1.0,0.0,1.0
572,5,1,0.0,0.0,0.0,1.0,0.0,0.0,1.0,1.0,0.0
573,2,2,0.0,0.0,1.0,0.0,0.0,1.0,0.0,1.0,0.0
574,3,4,0.0,0.0,1.0,0.0,0.0,0.0,1.0,0.0,1.0
575,4,4,0.0,0.0,0.0,1.0,0.0,1.0,0.0,1.0,0.0
576,5,5,0.0,0.0,1.0,0.0,0.0,1.0,0.0,0.0,1.0
577,4,3,0.0,0.0,1.0,0.0,0.0,1.0,0.0,0.0,1.0
578,4,3,0.0,1.0,0.0,0.0,0.0,1.0,0.0,0.0,1.0
579,3,3,1.0,0.0,0.0,0.0,0.0,0.0,1.0,0.0,1.0
580,4,3,0.0,0.0,1.0,0.0,0.0,1.0,0.0,0.0,1.0
581,3,1,1.0,0.0,0.0,0.0,0.0,1.0,0.0,1.0,0.0
582,4,1,1.0,0.0,0.0,0.0,0.0,1.0,0.0,1.0,0.0
583,5,1,0.0,0.0,1.0,0.0,0.0,0.0,1.0,1.0,0.0
584,3,1,1.0,0.0,0.0,0.0,0.0,1.0,0.0,1.0,0.0
585,3,2,0.0,0.0,1.0,0.0,0.0,1.0,0.0,1.0,0.0
586,5,3,0.0,0.0,0.0,0.0,1.0,1.0,0.0,1.0,0.0
587,3,2,0.0,0.0,0.0,1.0,0.0,1.0,0.0,1.0,0.0
588,2,1,0.0,1.0,0.0,0.0,0.0,0.0,1.0,1.0,0.0
589,1,1,1.0,0.0,0.0,0.0,0.0,1.0,0.0,1.0,0.0
590,4,2,0.0,0.0,1.0,0.0,0.0,0.0,1.0,1.0,0.0
591,5,1,0.0,0.0,0.0,1.0,0.0,1.0,0.0,1.0,0.0
592,3,1,0.0,0.0,0.0,1.0,0.0,1.0,0.0,1.0,0.0
593,3,2,1.0,0.0,0.0,0.0,0.0,1.0,0.0,1.0,0.0
594,5,2,0.0,0.0,0.0,0.0,1.0,1.0,0.0,1.0,0.0
595,5,1,0.0,0.0,0.0,1.0,0.0,1.0,0.0,0.0,1.0
596,3,2,0.0,0.0,1.0,0.0,0.0,1.0,0.0,1.0,0.0
597,3,1,1.0,0.0,0.0,0.0,0.0,0.0,1.0,1.0,0.0
598,4,5,1.0,0.0,0.0,0.0,0.0,1.0,0.0,0.0,1.0
599,5,1,1.0,0.0,0.0,0.0,0.0,0.0,1.0,0.0,1.0
600,3,4,0.0,0.0,1.0,0.0,0.0,1.0,0.0,0.0,1.0
601,1,1,0.0,0.0,1.0,0.0,0.0,0.0,1.0,1.0,0.0
602,5,4,0.0,0.0,0.0,1.0,0.0,0.0,1.0,1.0,0.0
603,1,1,0.0,0.0,0.0,0.0,1.0,0.0,1.0,1.0,0.0
604,2,2,1.0,0.0,0.0,0.0,0.0,1.0,0.0,1.0,0.0
605,5,3,1.0,0.0,0.0,0.0,0.0,1.0,0.0,1.0,0.0
606,3,1,0.0,0.0,0.0,0.0,1.0,0.0,1.0,1.0,0.0
607,3,2,0.0,0.0,0.0,1.0,0.0,0.0,1.0,1.0,0.0
608,3,2,1.0,0.0,0.0,0.0,0.0,0.0,1.0,1.0,0.0
609,1,1,1.0,0.0,0.0,0.0,0.0,1.0,0.0,1.0,0.0
610,4,4,1.0,0.0,0.0,0.0,0.0,0.0,1.0,1.0,0.0
611,1,1,0.0,0.0,0.0,1.0,0.0,0.0,1.0,1.0,0.0
612,5,3,0.0,0.0,0.0,1.0,0.0,0.0,1.0,0.0,1.0
613,4,1,0.0,0.0,0.0,1.0,0.0,0.0,1.0,1.0,0.0
614,3,2,0.0,0.0,0.0,0.0,1.0,1.0,0.0,1.0,0.0
615,3,2,0.0,0.0,0.0,1.0,0.0,0.0,1.0,1.0,0.0
616,2,2,0.0,0.0,1.0,0.0,0.0,0.0,1.0,0.0,1.0
617,2,1,1.0,0.0,0.0,0.0,0.0,1.0,0.0,1.0,0.0
618,4,4,1.0,0.0,0.0,0.0,0.0,0.0,1.0,1.0,0.0
619,2,3,0.0,0.0,0.0,1.0,0.0,0.0,1.0,1.0,0.0
620,4,1,1.0,0.0,0.0,0.0,0.0,0.0,1.0,1.0,0.0
621,2,2,0.0,0.0,1.0,0.0,0.0,1.0,0.0,1.0,0.0
622,4,4,1.0,0.0,0.0,0.0,0.0,1.0,0.0,0.0,1.0
623,2,2,0.0,0.0,0.0,0.0,1.0,0.0,1.0,0.0,1.0
624,1,2,0.0,0.0,1.0,0.0,0.0,0.0,1.0,1.0,0.0
625,3,2,1.0,0.0,0.0,0.0,0.0,0.0,1.0,1.0,0.0
626,2,2,0.0,0.0,1.0,0.0,0.0,0.0,1.0,1.0,0.0
627,3,3,1.0,0.0,0.0,0.0,0.0,0.0,1.0,0.0,1.0
628,3,1,0.0,0.0,1.0,0.0,0.0,0.0,1.0,1.0,0.0
629,5,3,0.0,0.0,1.0,0.0,0.0,1.0,0.0,1.0,0.0
630,4,1,0.0,0.0,1.0,0.0,0.0,1.0,0.0,1.0,0.0
631,2,2,0.0,0.0,1.0,0.0,0.0,1.0,0.0,1.0,0.0
632,3,1,1.0,0.0,0.0,0.0,0.0,0.0,1.0,1.0,0.0
633,3,4,0.0,0.0,0.0,0.0,1.0,1.0,0.0,1.0,0.0
634,3,2,0.0,0.0,1.0,0.0,0.0,0.0,1.0,1.0,0.0
635,4,3,1.0,0.0,0.0,0.0,0.0,1.0,0.0,1.0,0.0
636,4,4,0.0,0.0,0.0,0.0,1.0,1.0,0.0,0.0,1.0
637,3,3,0.0,0.0,1.0,0.0,0.0,0.0,1.0,0.0,1.0
638,3,1,0.0,0.0,1.0,0.0,0.0,1.0,0.0,0.0,1.0
639,2,3,0.0,0.0,1.0,0.0,0.0,1.0,0.0,0.0,1.0
640,3,3,0.0,0.0,1.0,0.0,0.0,1.0,0.0,0.0,1.0
641,3,3,1.0,0.0,0.0,0.0,0.0,1.0,0.0,1.0,0.0
642,4,1,0.0,0.0,0.0,0.0,1.0,1.0,0.0,1.0,0.0
643,3,2,0.0,0.0,0.0,0.0,1.0,0.0,1.0,1.0,0.0
644,2,2,0.0,0.0,0.0,1.0,0.0,1.0,0.0,1.0,0.0
645,4,1,0.0,0.0,0.0,0.0,1.0,1.0,0.0,1.0,0.0
646,1,1,0.0,0.0,1.0,0.0,0.0,1.0,0.0,1.0,0.0
647,5,4,0.0,0.0,0.0,1.0,0.0,1.0,0.0,0.0,1.0
648,1,4,0.0,0.0,0.0,1.0,0.0,1.0,0.0,0.0,1.0
